,answer_count,articles_count,avatar_url,avatar_url_template,badge,follower_count,gender,headline,id,is_advertiser,is_followed,is_following,is_org,name,type,url,url_token,use_default_avatar,user_type,vip_info
0,248,88,https://pic2.zhimg.com/v2-a184d51cff5ad11f99afbf1a842bde8d_is.jpg,https://pic2.zhimg.com/v2-a184d51cff5ad11f99afbf1a842bde8d_{size}.jpg,"[{'type': 'identity', 'description': '皮肤科主治医师'}, {'type': 'best_answerer', 'description': '优秀回答者', 'topics': [{'id': '19604128', 'type': 'topic', 'url': 'https://www.zhihu.com/topics/19604128', 'name': '医学', 'avatar_url': 'https://pic1.zhimg.com/a78b253d8f27af0933c63bae17bb5cb0_is.jpg', 'answer_count': 44}]}]",261342,0,公号也叫 陈语岚,dfbea6428cfca082a70ed419a3c138a5,False,False,False,False,陈语岚,people,https://www.zhihu.com/people/chen-yu-lan-25,chen-yu-lan-25,False,people,"{'is_vip': True, 'rename_days': '60', 'widget': {'url': 'https://pic2.zhimg.com/v2-377163eddd9f6d5e5d639cf12214dc05_r.png', 'night_mode_url': 'https://pic3.zhimg.com/v2-26afadd8b7447d09335c5db537386ca9_r.png'}, 'vip_icon': {'url': 'https://pic3.zhimg.com/v2-4812630bc27d642f7cafcd6cdeca3d7a_r.png', 'night_mode_url': 'https://pic3.zhimg.com/v2-c9686ff064ea3579730756ac6c289978_r.png'}}"
1,26,0,https://pic4.zhimg.com/v2-315eb69367d479bf70e6fdc01e5733f4_is.jpg,https://pic4.zhimg.com/v2-315eb69367d479bf70e6fdc01e5733f4_{size}.jpg,[],2438,-1,一介匹夫,c4b59e17dec25c0cb96ec39651ace878,False,False,False,False,23780,people,https://www.zhihu.com/people/zheng-yu-lun-32,zheng-yu-lun-32,False,people,"{'is_vip': False, 'rename_days': '60'}"
2,428,78,https://pic2.zhimg.com/v2-d29d98823e960572e0bda0ef3b6db7ce_is.jpg,https://pic2.zhimg.com/v2-d29d98823e960572e0bda0ef3b6db7ce_{size}.jpg,"[{'type': 'best_answerer', 'description': '优秀回答者', 'topics': [{'id': '19550429', 'type': 'topic', 'url': 'https://www.zhihu.com/topics/19550429', 'name': '电影', 'avatar_url': 'https://pic3.zhimg.com/7d8c15df29ce6900c80f9cf630992687_is.jpg', 'answer_count': 136}, {'id': '19556827', 'type': 'topic', 'url': 'https://www.zhihu.com/topics/19556827', 'name': '电影制作', 'avatar_url': 'https://pic3.zhimg.com/f2ce6b45e69e516830cc4f3ded096e78_is.jpg', 'answer_count': 11}]}]",219485,1,天凉好个球,6a5dedf7ba8aa62d2734fac200ca0f8a,False,False,False,False,月巴月巴豸弗豸弗,people,https://www.zhihu.com/people/wu-zhi-mao-78,wu-zhi-mao-78,False,people,"{'is_vip': True, 'rename_days': '60', 'widget': {'url': 'https://pic4.zhimg.com/v2-203ce25f0e37308a0716db7a5dc09179_r.png', 'night_mode_url': 'https://pic2.zhimg.com/v2-ad95b4cbfe6d2e33629dc723905174c2_r.png'}, 'vip_icon': {'url': 'https://pic3.zhimg.com/v2-4812630bc27d642f7cafcd6cdeca3d7a_r.png', 'night_mode_url': 'https://pic3.zhimg.com/v2-c9686ff064ea3579730756ac6c289978_r.png'}}"
3,0,261,https://pic4.zhimg.com/v2-c44d2c69c3c691201aae95bb6c05ade9_is.jpg,https://pic4.zhimg.com/v2-c44d2c69c3c691201aae95bb6c05ade9_{size}.jpg,[],2691,0,北美首屈一指Data Bootcamp (www.DataAppLab.com),53cb88e3bb7f7c03cc3c3f66db042e17,False,False,False,False,数据应用学院官方,people,https://www.zhihu.com/people/dal-zhu-jiao,dal-zhu-jiao,False,people,"{'is_vip': False, 'rename_days': '60'}"
4,214,26,https://pic4.zhimg.com/7131cbae7ddfef56d2a36596b7cff13e_is.jpg,https://pic4.zhimg.com/7131cbae7ddfef56d2a36596b7cff13e_{size}.jpg,"[{'type': 'best_answerer', 'description': '优秀回答者', 'topics': [{'id': '19552832', 'type': 'topic', 'url': 'https://www.zhihu.com/topics/19552832', 'name': 'Python', 'avatar_url': 'https://pic4.zhimg.com/v2-1b642f312b0369f240fd6fb494f4acc9_is.jpg', 'answer_count': 69}]}]",39445,1,没什么好介绍的。,9dc46aa6570ad50f998d93e5e63049de,False,False,False,False,xlzd,people,https://www.zhihu.com/people/xlzd,xlzd,False,people,"{'is_vip': True, 'rename_days': '60', 'widget': {'url': 'https://pic4.zhimg.com/v2-a3557f6cca50e8dab303754518243f10_r.png', 'night_mode_url': 'https://pic1.zhimg.com/v2-6687f589313041e70e01d6b7acde526a_r.png'}, 'vip_icon': {'url': 'https://pic3.zhimg.com/v2-4812630bc27d642f7cafcd6cdeca3d7a_r.png', 'night_mode_url': 'https://pic3.zhimg.com/v2-c9686ff064ea3579730756ac6c289978_r.png'}}"
5,516,95,https://pic2.zhimg.com/v2-c3a39b43163af8b284c53292ae9277de_is.jpg,https://pic2.zhimg.com/v2-c3a39b43163af8b284c53292ae9277de_{size}.jpg,"[{'type': 'identity', 'description': '爱丁堡大学 商学院助理教授'}, {'type': 'best_answerer', 'description': '优秀回答者', 'topics': [{'id': '19560170', 'type': 'topic', 'url': 'https://www.zhihu.com/topics/19560170', 'name': '经济学', 'avatar_url': 'https://pic4.zhimg.com/30ffc337a555a56877aebdab9c5042f7_is.jpg', 'answer_count': 117}, {'id': '19567962', 'type': 'topic', 'url': 'https://www.zhihu.com/topics/19567962', 'name': '博弈论', 'avatar_url': 'https://pic3.zhimg.com/43efd061747369b1f03cc2c34adca45e_is.jpg', 'answer_count': 36}, {'id': '19552981', 'type': 'topic', 'url': 'https://www.zhihu.com/topics/19552981', 'name': '经济', 'avatar_url': 'https://pic4.zhimg.com/v2-b761e41f19531e4899892e9197de40dd_is.jpg', 'answer_count': 25}]}]",549716,1,三国英雄士，四朝经济臣,06916ab5292b620917a7be1b4945a19d,False,False,False,False,司马懿,people,https://www.zhihu.com/people/divinites,divinites,False,people,"{'is_vip': True, 'rename_days': '60', 'vip_icon': {'url': 'https://pic3.zhimg.com/v2-4812630bc27d642f7cafcd6cdeca3d7a_r.png', 'night_mode_url': 'https://pic3.zhimg.com/v2-c9686ff064ea3579730756ac6c289978_r.png'}}"
6,12,0,https://pic4.zhimg.com/v2-e0e4c7a5eb22aba4623aff23c1c1aea8_is.jpg,https://pic4.zhimg.com/v2-e0e4c7a5eb22aba4623aff23c1c1aea8_{size}.jpg,[],17118,0,,c1961855b4125e17f3e69efb8088e8d0,False,False,False,False,答姐,people,https://www.zhihu.com/people/ting-1-93,ting-1-93,False,people,"{'is_vip': False, 'rename_days': '60'}"
7,229,2,https://pic2.zhimg.com/v2-e01ffee563949fb74b3bdd3b1f4cf3ef_is.jpg,https://pic2.zhimg.com/v2-e01ffee563949fb74b3bdd3b1f4cf3ef_{size}.jpg,[],27134,1,一颗匠心,ea81b74deadbd664439f17309e87e3e2,False,False,False,False,盗盗,people,https://www.zhihu.com/people/daodao,daodao,False,people,"{'is_vip': False, 'rename_days': '60', 'widget': {'url': 'https://pic4.zhimg.com/v2-172acbbfb5d0f8dda36e927922f667ba_r.png', 'night_mode_url': 'https://pic2.zhimg.com/v2-b1a34922870d3497960fdc7d03fafbaf_r.png'}}"
8,56,1,https://pic3.zhimg.com/v2-0936a3025300b10cbd53866926639630_is.jpg,https://pic3.zhimg.com/v2-0936a3025300b10cbd53866926639630_{size}.jpg,[],42303,0,逼乎,032b13b124282bc53a498527621101ab,False,False,False,False,四七,people,https://www.zhihu.com/people/tippimaths,tippimaths,False,people,"{'is_vip': False, 'rename_days': '60'}"
9,4344,61,https://pic4.zhimg.com/ab952a4f1312716c6163c524fdbebdae_is.jpg,https://pic4.zhimg.com/ab952a4f1312716c6163c524fdbebdae_{size}.jpg,"[{'type': 'best_answerer', 'description': '优秀回答者', 'topics': [{'id': '19613730', 'type': 'topic', 'url': 'https://www.zhihu.com/topics/19613730', 'name': '计算机图形学', 'avatar_url': 'https://pic1.zhimg.com/95b86ea8b502d9aef1b13f621bba2ef3_is.jpg', 'answer_count': 317}, {'id': '19584970', 'type': 'topic', 'url': 'https://www.zhihu.com/topics/19584970', 'name': 'C++', 'avatar_url': 'https://pic1.zhimg.com/9db7191dc_is.jpg', 'answer_count': 299}]}]",152788,1,http://klayge.org,0b21747b1fec79ad8af7e68a2b1ff681,False,False,False,False,叛逆者,people,https://www.zhihu.com/people/minmin.gong,minmin.gong,False,people,"{'is_vip': True, 'rename_days': '60', 'vip_icon': {'url': 'https://pic3.zhimg.com/v2-4812630bc27d642f7cafcd6cdeca3d7a_r.png', 'night_mode_url': 'https://pic3.zhimg.com/v2-c9686ff064ea3579730756ac6c289978_r.png'}}"
10,37,3,https://pic2.zhimg.com/5721720f70afc6d77935fd03793c2c70_is.jpg,https://pic2.zhimg.com/5721720f70afc6d77935fd03793c2c70_{size}.jpg,[],21696,1,《路人》作者 90后 男 风虽大，都绕过我灵魂,6789ab27d131285405d06780c1b3f114,False,False,False,False,诗人西贝,people,https://www.zhihu.com/people/xieshidexibei,xieshidexibei,False,people,"{'is_vip': False, 'rename_days': '60'}"
11,56,14,https://pic2.zhimg.com/v2-91f60890e3185930cd48c8c4ef1dbfee_is.jpg,https://pic2.zhimg.com/v2-91f60890e3185930cd48c8c4ef1dbfee_{size}.jpg,[],5242,0,调包侠/数据狗,8579031047f1f8f2c15bcf4a92dfce5f,False,False,False,False,汪喵行,people,https://www.zhihu.com/people/yhannahwang,yhannahwang,False,people,"{'is_vip': False, 'rename_days': '60'}"
12,1377,187,https://pic4.zhimg.com/v2-42e723a4c9b727c0df01bd75228c0484_is.jpg,https://pic4.zhimg.com/v2-42e723a4c9b727c0df01bd75228c0484_{size}.jpg,"[{'type': 'identity', 'description': '首都医科大学附属北京友谊医院 皮肤科主治医师'}]",77365,1,微信公众号：一点科普,4068b6b7a7d359f2bbf43caa9b832e98,False,False,False,False,皮肤科老徐医生,people,https://www.zhihu.com/people/dermatitis,dermatitis,False,people,"{'is_vip': True, 'rename_days': '60', 'widget': {'url': 'https://pic2.zhimg.com/v2-377163eddd9f6d5e5d639cf12214dc05_r.png', 'night_mode_url': 'https://pic3.zhimg.com/v2-26afadd8b7447d09335c5db537386ca9_r.png'}, 'vip_icon': {'url': 'https://pic3.zhimg.com/v2-4812630bc27d642f7cafcd6cdeca3d7a_r.png', 'night_mode_url': 'https://pic3.zhimg.com/v2-c9686ff064ea3579730756ac6c289978_r.png'}}"
13,86,7,https://pic1.zhimg.com/v2-7b1d0dcb891cb4b90afb3b83d7b5525f_is.jpg,https://pic1.zhimg.com/v2-7b1d0dcb891cb4b90afb3b83d7b5525f_{size}.jpg,[],40444,0,微博/哔哩哔哩 id Aurora的世界,4aef3ae8a8346063ac52c71702beb823,False,False,False,False,Aurora曙光,people,https://www.zhihu.com/people/jin-xi-shu-guang,jin-xi-shu-guang,False,people,"{'is_vip': False, 'rename_days': '60'}"
14,46,32,https://pic1.zhimg.com/v2-13dde227d10b0a7d4b3d522ba1c063d4_is.jpg,https://pic1.zhimg.com/v2-13dde227d10b0a7d4b3d522ba1c063d4_{size}.jpg,"[{'type': 'identity', 'description': 'OilSearch Development Geologist'}]",20434,0,自身免疫病食疗。公益公众号：食物是答案。微博:莹莹AIP,677357e6f3b994d067c3e36e660156c4,False,False,False,False,莹莹,people,https://www.zhihu.com/people/zishenmianyijibing,zishenmianyijibing,False,people,"{'is_vip': False, 'rename_days': '60'}"
15,19,0,https://pic3.zhimg.com/v2-1d83cdd6b9089aa0fd86982430973043_is.jpg,https://pic3.zhimg.com/v2-1d83cdd6b9089aa0fd86982430973043_{size}.jpg,[],182,0,美术生,253d97bfa83ad4d17d5d5efb356d6986,False,False,False,False,蜡笔小可乐,people,https://www.zhihu.com/people/ne-ne-ne-32-90,ne-ne-ne-32-90,False,people,"{'is_vip': False, 'rename_days': '60'}"
16,65,0,https://pic2.zhimg.com/v2-0511175a8b8c6ccda020a4dff03cd432_is.jpg,https://pic2.zhimg.com/v2-0511175a8b8c6ccda020a4dff03cd432_{size}.jpg,[],1548,1,只要是石头，到哪里都不会发光。,b2b38df54b3a3427482db772d080969c,False,False,False,False,繁杲,people,https://www.zhihu.com/people/fan-gao-44,fan-gao-44,False,people,"{'is_vip': False, 'rename_days': '60'}"
17,3,0,https://pic4.zhimg.com/v2-da897bc2ad2c0db2a74705798fdeabba_is.jpg,https://pic4.zhimg.com/v2-da897bc2ad2c0db2a74705798fdeabba_{size}.jpg,[],4,1,留学生&amp;文案狗，业余旅行家，偶尔在网易翻译歌词,31b8796d4cfee486262fd2d8f6198051,False,False,False,False,Vici,people,https://www.zhihu.com/people/yimao-wu-fen-qian-97,yimao-wu-fen-qian-97,False,people,"{'is_vip': False, 'rename_days': '60'}"
18,43,0,https://pic4.zhimg.com/ca55cf25ae095e44ac97624871d98d49_is.jpg,https://pic4.zhimg.com/ca55cf25ae095e44ac97624871d98d49_{size}.jpg,[],45,1,知乎 -- 成就你的百万年薪梦,81409157b34f2133b53510c76af9f281,False,False,False,False,合伙人X,people,https://www.zhihu.com/people/V-C-L,V-C-L,False,people,"{'is_vip': False, 'rename_days': '60'}"
19,61,9,https://pic4.zhimg.com/v2-f8cb9c24427660f8ff65c07a35319407_is.jpg,https://pic4.zhimg.com/v2-f8cb9c24427660f8ff65c07a35319407_{size}.jpg,[],12095,1,"TD健身学院导师 
z451501408 欢迎交流",44fbb83d39da1290c8f196a50f000286,False,False,False,False,TD朱冰岩,people,https://www.zhihu.com/people/zhu-bing-yan-57,zhu-bing-yan-57,False,people,"{'is_vip': False, 'rename_days': '60'}"
20,430,1,https://pic2.zhimg.com/1146d2a9f39fb4542faeec7b80aecdcc_is.jpg,https://pic2.zhimg.com/1146d2a9f39fb4542faeec7b80aecdcc_{size}.jpg,[],6114,1,伟大的404战士!非穆维吾尔族,a6752e2d12a66d242facec2a29e1d4a1,False,False,False,False,凯曼尔,people,https://www.zhihu.com/people/kai-man-er-wu-fu,kai-man-er-wu-fu,False,people,"{'is_vip': False, 'rename_days': '60'}"
21,126,0,https://pic2.zhimg.com/v2-f4e19eaaa2cc9c3054570866d9d2132d_is.jpg,https://pic2.zhimg.com/v2-f4e19eaaa2cc9c3054570866d9d2132d_{size}.jpg,[],4015,0,博士中的女博士，扑克中的扑克王,9042365ff53a1e82c22141fe6c582521,False,False,False,False,Poker Won,people,https://www.zhihu.com/people/poker-won,poker-won,False,people,"{'is_vip': False, 'rename_days': '60'}"
22,28,8,https://pic1.zhimg.com/cb1684ebe3d4d8d8ccf8deba29a72a33_is.jpg,https://pic1.zhimg.com/cb1684ebe3d4d8d8ccf8deba29a72a33_{size}.jpg,"[{'type': 'identity', 'description': '四川大学 临床医学博士'}]",57259,0,不知之知，无为而为,58f950686d0b869dd849a5e415c1542d,False,False,False,False,大力,people,https://www.zhihu.com/people/lisa-2-22,lisa-2-22,False,people,"{'is_vip': True, 'rename_days': '60', 'vip_icon': {'url': 'https://pic3.zhimg.com/v2-4812630bc27d642f7cafcd6cdeca3d7a_r.png', 'night_mode_url': 'https://pic3.zhimg.com/v2-c9686ff064ea3579730756ac6c289978_r.png'}}"
23,2,1,https://pic1.zhimg.com/v2-aa4761ab829821eb1b0311627f944df9_is.jpg,https://pic1.zhimg.com/v2-aa4761ab829821eb1b0311627f944df9_{size}.jpg,[],35,-1,深度学习,417ed8320c147d4a0e2e707a3c8d8d3d,False,False,False,False,divfor,people,https://www.zhihu.com/people/divfor,divfor,False,people,"{'is_vip': False, 'rename_days': '60'}"
24,51,0,https://pic4.zhimg.com/v2-52866129ad66ccd7734b32a0e9302bc3_is.jpg,https://pic4.zhimg.com/v2-52866129ad66ccd7734b32a0e9302bc3_{size}.jpg,[],22,1,汽车,f783a3857b66e941b9a0a894942f350f,False,False,False,False,小二,people,https://www.zhihu.com/people/xiao-ming-50-63-23,xiao-ming-50-63-23,False,people,"{'is_vip': False, 'rename_days': '60'}"
25,411,12,https://pic2.zhimg.com/81cb2fd77_is.jpg,https://pic2.zhimg.com/81cb2fd77_{size}.jpg,[],46414,1,Facebook/剑桥大学/NLP,1cf49425436c8dd996ac5ba1f1ed46d9,False,False,False,False,陈村,people,https://www.zhihu.com/people/xjiangxjxjxjx,xjiangxjxjxjx,False,people,"{'is_vip': False, 'rename_days': '60'}"
26,3,0,https://pic4.zhimg.com/v2-f8c2cc9b00e5fe90261cea98859e209c_is.jpg,https://pic4.zhimg.com/v2-f8c2cc9b00e5fe90261cea98859e209c_{size}.jpg,[],55,0,,6a3ed8cb60d9492caf32181de599aeea,False,False,False,False,HyunShen,people,https://www.zhihu.com/people/HyunShen,HyunShen,False,people,"{'is_vip': False, 'rename_days': '60'}"
27,7,6,https://pic4.zhimg.com/v2-f094081cc1a743f975805e30eeff0073_is.jpg,https://pic4.zhimg.com/v2-f094081cc1a743f975805e30eeff0073_{size}.jpg,[],6,-1,,67d349401119ac89d015b671a66aa4c5,False,False,False,True,我要抓娃娃,people,https://www.zhihu.com/people/wo-yao-zhua-wa-wa,wo-yao-zhua-wa-wa,False,organization,"{'is_vip': False, 'rename_days': '60'}"
28,171,0,https://pic2.zhimg.com/b941fb8ffc62ca10650dc88efb467992_is.jpg,https://pic2.zhimg.com/b941fb8ffc62ca10650dc88efb467992_{size}.jpg,[],97,1,寻一女孩结婚啊啊啊,63e644a986da6ca7d38a7f65b06dec65,False,False,False,False,老黄瓜7,people,https://www.zhihu.com/people/lao-huang-gua-7,lao-huang-gua-7,False,people,"{'is_vip': False, 'rename_days': '60'}"
29,133,11,https://pic1.zhimg.com/v2-cc222aff3cb8344aaaf527ece6e5dd4f_is.jpg,https://pic1.zhimg.com/v2-cc222aff3cb8344aaaf527ece6e5dd4f_{size}.jpg,[],90144,0,人生不向花前醉，花笑人生也是呆。,f3576d76741ae2021128a211d03932a1,False,False,False,False,恒变,people,https://www.zhihu.com/people/heng-bian,heng-bian,False,people,"{'is_vip': False, 'rename_days': '60'}"
30,1009,9,https://pic3.zhimg.com/9a2b2305a_is.jpg,https://pic3.zhimg.com/9a2b2305a_{size}.jpg,[],74729,1,石家庄 装修设计 微信aniu3722,060f23f0bba6450af7bfb82f390624bd,False,False,False,False,阿牛先生,people,https://www.zhihu.com/people/niu-ji-ye,niu-ji-ye,False,people,"{'is_vip': False, 'rename_days': '60'}"
31,47,8,https://pic4.zhimg.com/v2-7fa4cfabfb62990dfbcdcc5433d8058c_is.jpg,https://pic4.zhimg.com/v2-7fa4cfabfb62990dfbcdcc5433d8058c_{size}.jpg,[],39757,0,22岁的魔都菇凉～坐标欧洲，传播学在读。,5fefa92eb9dde1515c634581ca21082b,False,False,False,False,Coffee Wu,people,https://www.zhihu.com/people/coffee-wu,coffee-wu,False,people,"{'is_vip': False, 'rename_days': '60'}"
32,62,8,https://pic4.zhimg.com/v2-618f1da8f366bb6897f89ddcc05a5976_is.jpg,https://pic4.zhimg.com/v2-618f1da8f366bb6897f89ddcc05a5976_{size}.jpg,"[{'type': 'identity', 'description': '康奈尔大学 电子与计算机博士在读'}]",8087,1,纽约的漁夫 | PhD | Quant Club | ML ,0e4ea42be30002a04757876cb51670d3,False,False,False,False,Miruku Zhang,people,https://www.zhihu.com/people/mirukuzhang,mirukuzhang,False,people,"{'is_vip': True, 'rename_days': '60', 'vip_icon': {'url': 'https://pic3.zhimg.com/v2-4812630bc27d642f7cafcd6cdeca3d7a_r.png', 'night_mode_url': 'https://pic3.zhimg.com/v2-c9686ff064ea3579730756ac6c289978_r.png'}}"
33,35,4,https://pic2.zhimg.com/c1279d8f91a3ccb5352d34b5bec82ac3_is.jpg,https://pic2.zhimg.com/c1279d8f91a3ccb5352d34b5bec82ac3_{size}.jpg,[],2490,1,,3094bcc818d0aafe05f7f9b63ab58539,False,False,False,False,董昊天,people,https://www.zhihu.com/people/dong-hao-tian,dong-hao-tian,False,people,"{'is_vip': False, 'rename_days': '60'}"
34,3,841,https://pic1.zhimg.com/76a2e344d_is.jpg,https://pic1.zhimg.com/76a2e344d_{size}.jpg,[],677,1,速途速途执行总编兼速途研究院院长,289dea5c2961be911b10a9a8ce5a023e,False,False,False,False,丁道师,people,https://www.zhihu.com/people/ding-dao-shi,ding-dao-shi,False,people,"{'is_vip': False, 'rename_days': '60'}"
35,84,2,https://pic3.zhimg.com/v2-776c26f0243f9a549cac5565ff770e20_is.jpg,https://pic3.zhimg.com/v2-776c26f0243f9a549cac5565ff770e20_{size}.jpg,[],554,-1,报表/BI工程师,c747c2e62d251c6efa8067f701a5c677,False,False,False,False,胡海,people,https://www.zhihu.com/people/kafusiji,kafusiji,False,people,"{'is_vip': False, 'rename_days': '60'}"
36,186,0,https://pic1.zhimg.com/7e5d25fea0c7aa8348643b6ab8a6db20_is.jpg,https://pic1.zhimg.com/7e5d25fea0c7aa8348643b6ab8a6db20_{size}.jpg,[],231,1,我答你赞岂不美哉  狗狗知识&amp;奶狗信息尽在微信公众号:TaoPuppy,610b48102080b47101e212b95fa6d5f0,False,False,False,False,Sawyer Yan,people,https://www.zhihu.com/people/sawyer-yan,sawyer-yan,False,people,"{'is_vip': True, 'rename_days': '60', 'vip_icon': {'url': 'https://pic3.zhimg.com/v2-4812630bc27d642f7cafcd6cdeca3d7a_r.png', 'night_mode_url': 'https://pic3.zhimg.com/v2-c9686ff064ea3579730756ac6c289978_r.png'}}"
37,1122,35,https://pic1.zhimg.com/37964d713fbb55b70346b46dbdb2ce42_is.jpg,https://pic1.zhimg.com/37964d713fbb55b70346b46dbdb2ce42_{size}.jpg,[],61090,1,小可不才，教点瑜伽。文字教程在专栏，视频在抖音。地址看主页,be7fb76847ebd0f97b158cb1034b11fe,False,False,False,False,老顽童,people,https://www.zhihu.com/people/lwtnek,lwtnek,False,people,"{'is_vip': False, 'rename_days': '60'}"
38,29,364,https://pic4.zhimg.com/ede95587a6b33d991923d15821f2e6ea_is.jpg,https://pic4.zhimg.com/ede95587a6b33d991923d15821f2e6ea_{size}.jpg,[],4739,0,瑜伽爱好者,e1eacf65148d82917152cf1493e7fa26,False,False,False,False,何弯弯,people,https://www.zhihu.com/people/he-wan-wan-64-90,he-wan-wan-64-90,False,people,"{'is_vip': False, 'rename_days': '60'}"
39,30,0,https://pic4.zhimg.com/v2-3273ea4362040389cf2cf1948428436b_is.jpg,https://pic4.zhimg.com/v2-3273ea4362040389cf2cf1948428436b_{size}.jpg,[],373,1,,41e44df324bc021bcb88b160e5692066,False,False,False,False,Jiahao,people,https://www.zhihu.com/people/jiahao.m,jiahao.m,False,people,"{'is_vip': False, 'rename_days': '60'}"
40,1,0,https://pic4.zhimg.com/da8e974dc_is.jpg,https://pic4.zhimg.com/da8e974dc_{size}.jpg,[],67,-1,WP Pro Design,6e93654a66a93dcb6c5ec74a2e2f0d10,False,False,False,False,wordpressvideo,people,https://www.zhihu.com/people/wordpressvideo,wordpressvideo,True,people,"{'is_vip': False, 'rename_days': '60'}"
41,1,475,https://pic2.zhimg.com/v2-dc294c0caa46160f6484c278bc3595f5_is.jpg,https://pic2.zhimg.com/v2-dc294c0caa46160f6484c278bc3595f5_{size}.jpg,"[{'type': 'identity', 'description': '已认证的官方帐号'}]",4543,-1,Join the Global Network of Professionals,dd1636501329cd6b7bb21e747ef2d706,False,False,False,True,WallStreetTequila,people,https://www.zhihu.com/people/wallstreettequila-60,wallstreettequila-60,False,organization,"{'is_vip': False, 'rename_days': '60'}"
42,17,14,https://pic4.zhimg.com/093e26c9f56c7db85cde40e121efc220_is.jpg,https://pic4.zhimg.com/093e26c9f56c7db85cde40e121efc220_{size}.jpg,[],23467,0,LP 老兵 | Family Office,30fdf46595abc7741980a67538642a6d,False,False,False,False,李晓,people,https://www.zhihu.com/people/xiao-li-75,xiao-li-75,False,people,"{'is_vip': True, 'rename_days': '60', 'vip_icon': {'url': 'https://pic3.zhimg.com/v2-4812630bc27d642f7cafcd6cdeca3d7a_r.png', 'night_mode_url': 'https://pic3.zhimg.com/v2-c9686ff064ea3579730756ac6c289978_r.png'}}"
43,315,16,https://pic2.zhimg.com/84b5efdb928641557aa9c90fee74b9e4_is.jpg,https://pic2.zhimg.com/84b5efdb928641557aa9c90fee74b9e4_{size}.jpg,"[{'type': 'identity', 'description': '重庆大学 戏剧与影视学硕士'}]",71056,0,处女座♍ gap year,5ef8b2debf9aaed301292de2fbe3e54a,False,False,False,False,羽小团,people,https://www.zhihu.com/people/xiao-yu-bao-er,xiao-yu-bao-er,False,people,"{'is_vip': False, 'rename_days': '60'}"
44,7,105,https://pic3.zhimg.com/v2-4f06922c435d5397c9dc2b8a717346ea_is.jpg,https://pic3.zhimg.com/v2-4f06922c435d5397c9dc2b8a717346ea_{size}.jpg,"[{'type': 'identity', 'description': '知乎 官方帐号'}]",56228,1,有问题 上知乎,b7c5d4d3cb9964ccc0420cd260fad201,False,False,False,False,知乎市场团队,people,https://www.zhihu.com/people/zhihu_marketing,zhihu_marketing,False,people,"{'is_vip': False, 'rename_days': '60'}"
45,5,0,https://pic4.zhimg.com/8cd75c7eb43577f15dc53872d43a810a_is.jpg,https://pic4.zhimg.com/8cd75c7eb43577f15dc53872d43a810a_{size}.jpg,[],576,0,微信号：The_Smoothie_Lab,bac1c91bf1a9c99eea8065e569de2c4e,False,False,False,False,果析,people,https://www.zhihu.com/people/guo-xi-62-23,guo-xi-62-23,False,people,"{'is_vip': False, 'rename_days': '60'}"
46,0,1,https://pic1.zhimg.com/v2-f7f9f84eefacf92fb0866fc8afd3db6b_is.jpg,https://pic1.zhimg.com/v2-f7f9f84eefacf92fb0866fc8afd3db6b_{size}.jpg,[],97,0,Zumba教程视频搬运工，想跳Zumba的可以关注我微博，让你狂甩肉,a0b7765563c11073fa0d40b4968954bd,False,False,False,False,盛曼菲,people,https://www.zhihu.com/people/sheng-man-fei,sheng-man-fei,False,people,"{'is_vip': False, 'rename_days': '60'}"
47,12,0,https://pic4.zhimg.com/47f8c8de561e361e7f53ab9d014b9a8c_is.jpg,https://pic4.zhimg.com/47f8c8de561e361e7f53ab9d014b9a8c_{size}.jpg,[],2660,0,瑜伽老师，请关注公众微信号“inhale瑜伽”,393065ddf7f1552ff80e308285782a8f,False,False,False,False,Ofelia,people,https://www.zhihu.com/people/ofelia_liu,ofelia_liu,False,people,"{'is_vip': False, 'rename_days': '60'}"
48,29,0,https://pic4.zhimg.com/v2-f614a41016998db0208c437acafab208_is.jpg,https://pic4.zhimg.com/v2-f614a41016998db0208c437acafab208_{size}.jpg,[],7,0,笑人煮积何时熟，生啖青青竹一排。,3303f13698baebbed759639be1ba529d,False,False,False,False,红糖飘香,people,https://www.zhihu.com/people/ji-zhu-ying-77,ji-zhu-ying-77,False,people,"{'is_vip': False, 'rename_days': '60'}"
49,21,0,https://pic2.zhimg.com/v2-742e8b5f0d35c1ea2d8d9a89f27dc73a_is.jpg,https://pic2.zhimg.com/v2-742e8b5f0d35c1ea2d8d9a89f27dc73a_{size}.jpg,[],44,0,Rene to today .,0b8d55d8469fe9c1180e6ae1c9c34c40,False,False,False,False,红叶儿,people,https://www.zhihu.com/people/hong-xie-52-46,hong-xie-52-46,False,people,"{'is_vip': False, 'rename_days': '60'}"
50,247,15,https://pic4.zhimg.com/209d59e20_is.jpg,https://pic4.zhimg.com/209d59e20_{size}.jpg,"[{'type': 'identity', 'description': 'Garena 高级软件工程师'}]",30889,1,系统工程师,39b7c956a69d8ca01e3c013ea9a691d1,False,False,False,False,彭哲夫,people,https://www.zhihu.com/people/CMGS,CMGS,False,people,"{'is_vip': False, 'rename_days': '60'}"
51,294,101,https://pic4.zhimg.com/v2-df70d76e5d3f86290462eb83f852cf17_is.jpg,https://pic4.zhimg.com/v2-df70d76e5d3f86290462eb83f852cf17_{size}.jpg,[],321306,0,有什么不懂的你尽管吻我,aeb3973fe52774c84f40361c4f3e98a8,False,False,False,False,青雀,people,https://www.zhihu.com/people/GreenFinch,GreenFinch,False,people,"{'is_vip': False, 'rename_days': '60'}"
52,241,10,https://pic4.zhimg.com/81f62bcc57cbde97cafb6ae0ff80eaae_is.jpg,https://pic4.zhimg.com/81f62bcc57cbde97cafb6ae0ff80eaae_{size}.jpg,[],9454,1,Viva La Vida，业余重度游泳爱好者。,0facc2ce7d2bb28097715331a37b663e,False,False,False,False,李开源,people,https://www.zhihu.com/people/justseeit,justseeit,False,people,"{'is_vip': False, 'rename_days': '60'}"
53,6215,0,https://pic1.zhimg.com/v2-39cceeb59747b7f411ed0bc4a101bcbc_is.jpg,https://pic1.zhimg.com/v2-39cceeb59747b7f411ed0bc4a101bcbc_{size}.jpg,[],96886,1,只做真正的运动康复，V15311807201,6724af99e33e07f923f47ad4612ebfb7,False,False,False,False,周琳,people,https://www.zhihu.com/people/zhou-lin-26-58,zhou-lin-26-58,False,people,"{'is_vip': True, 'rename_days': '60', 'vip_icon': {'url': 'https://pic3.zhimg.com/v2-4812630bc27d642f7cafcd6cdeca3d7a_r.png', 'night_mode_url': 'https://pic3.zhimg.com/v2-c9686ff064ea3579730756ac6c289978_r.png'}}"
54,143,10,https://pic1.zhimg.com/764a9685e_is.jpg,https://pic1.zhimg.com/764a9685e_{size}.jpg,[],52959,0,营养、体能、形体,d984dd6800a1b3be414ac96730c1494f,False,False,False,False,周阿姨,people,https://www.zhihu.com/people/zhou-a-yi-85,zhou-a-yi-85,False,people,"{'is_vip': False, 'rename_days': '60'}"
55,120,161,https://pic1.zhimg.com/v2-7bba358ba9cb3fdddc02d3853a68d6be_is.jpg,https://pic1.zhimg.com/v2-7bba358ba9cb3fdddc02d3853a68d6be_{size}.jpg,[],124643,0,公众号叫“一只马丁靴”，微博/b站：陈一丁Dingslook,d47261bc59975371e180e1eac6e75c12,False,False,False,False,陈一丁,people,https://www.zhihu.com/people/yizhimadingxue,yizhimadingxue,False,people,"{'is_vip': False, 'rename_days': '60'}"
56,39,3,https://pic3.zhimg.com/2d9b32906_is.jpg,https://pic3.zhimg.com/2d9b32906_{size}.jpg,"[{'type': 'best_answerer', 'description': '优秀回答者', 'topics': [{'id': '19609455', 'type': 'topic', 'url': 'https://www.zhihu.com/topics/19609455', 'name': '金融', 'avatar_url': 'https://pic2.zhimg.com/ca0657b5e0ef154ee25c3e357a6c607d_is.jpg', 'answer_count': 7}, {'id': '19815465', 'type': 'topic', 'url': 'https://www.zhihu.com/topics/19815465', 'name': '量化交易', 'avatar_url': 'https://pic2.zhimg.com/beaf456a8_is.jpg', 'answer_count': 6}]}]",115992,1,"Quant, Geek, Actuary, Photographer",3fc0e5ac8e0e61552b1b0529ba49b3e7,False,False,False,False,袁浩瀚,people,https://www.zhihu.com/people/id47,id47,False,people,"{'is_vip': False, 'rename_days': '60'}"
57,8,0,https://pic4.zhimg.com/da8e974dc_is.jpg,https://pic4.zhimg.com/da8e974dc_{size}.jpg,[],102,1,量化分析师,4874ba4ca47c0c6f45db1091685f4016,False,False,False,False,张嘉,people,https://www.zhihu.com/people/zhang-wan-jia-61,zhang-wan-jia-61,True,people,"{'is_vip': False, 'rename_days': '60'}"
58,203,4,https://pic1.zhimg.com/b6cd2a3389426cec2d043d1fb2d0d282_is.jpg,https://pic1.zhimg.com/b6cd2a3389426cec2d043d1fb2d0d282_{size}.jpg,[],3244,1,量化交易,404c027be4c8fdb2dd6fad5f13d53f35,False,False,False,False,李波文,people,https://www.zhihu.com/people/bwlee.sky,bwlee.sky,False,people,"{'is_vip': False, 'rename_days': '60'}"
59,149,15,https://pic1.zhimg.com/d7d4e5cbdd61b3dcda08b8284354ad25_is.jpg,https://pic1.zhimg.com/d7d4e5cbdd61b3dcda08b8284354ad25_{size}.jpg,"[{'type': 'best_answerer', 'description': '优秀回答者', 'topics': [{'id': '19711410', 'type': 'topic', 'url': 'https://www.zhihu.com/topics/19711410', 'name': '高频交易', 'avatar_url': 'https://pic3.zhimg.com/2d3a3d933_is.jpg', 'answer_count': 41}, {'id': '19815465', 'type': 'topic', 'url': 'https://www.zhihu.com/topics/19815465', 'name': '量化交易', 'avatar_url': 'https://pic2.zhimg.com/beaf456a8_is.jpg', 'answer_count': 27}, {'id': '19609455', 'type': 'topic', 'url': 'https://www.zhihu.com/topics/19609455', 'name': '金融', 'avatar_url': 'https://pic2.zhimg.com/ca0657b5e0ef154ee25c3e357a6c607d_is.jpg', 'answer_count': 16}]}]",104385,1,Taurus.ai 创始人,223c3f3147d3f2c09a1245898c0c95aa,False,False,False,False,董可人,people,https://www.zhihu.com/people/dongkeren,dongkeren,False,people,"{'is_vip': False, 'rename_days': '60'}"
60,1958,54,https://pic3.zhimg.com/v2-487f1c26e39c52f81e837472e5a92f0d_is.jpg,https://pic3.zhimg.com/v2-487f1c26e39c52f81e837472e5a92f0d_{size}.jpg,[],31371,1,已退乎,34ba4b6b567485f072148f1967af57b8,False,False,False,False,退乎,people,https://www.zhihu.com/people/tuihu,tuihu,False,people,"{'is_vip': False, 'rename_days': '60'}"
61,23,1,https://pic2.zhimg.com/v2-af366e672eee89d795d4088dc79c0c69_is.jpg,https://pic2.zhimg.com/v2-af366e672eee89d795d4088dc79c0c69_{size}.jpg,"[{'type': 'identity', 'description': '华东理工大学 化学工程博士在读'}]",105,1,化学工程/反应流/协同/燃料电池,0d3bce0e451b3dacc6dbd0ab8cd86506,False,False,False,False,Jayus,people,https://www.zhihu.com/people/tong-will,tong-will,False,people,"{'is_vip': False, 'rename_days': '60'}"
62,182,9,https://pic1.zhimg.com/72016aef6_is.jpg,https://pic1.zhimg.com/72016aef6_{size}.jpg,[],1296,0,微信公号：观人间众,f843b3958247e381abc574d0165dfa2a,False,False,False,False,Lisa Lisa,people,https://www.zhihu.com/people/lisa-lisa-2013,lisa-lisa-2013,False,people,"{'is_vip': False, 'rename_days': '60'}"
63,108,31,https://pic1.zhimg.com/v2-39371c20333081cf7220f12d522cab7d_is.jpg,https://pic1.zhimg.com/v2-39371c20333081cf7220f12d522cab7d_{size}.jpg,"[{'type': 'identity', 'description': '创新工场 董事长'}]",1075125,-1,,043ff01e5d03c529c268d50f388012c2,False,False,False,False,李开复,people,https://www.zhihu.com/people/kaifulee,kaifulee,False,people,"{'is_vip': True, 'rename_days': '60', 'vip_icon': {'url': 'https://pic3.zhimg.com/v2-4812630bc27d642f7cafcd6cdeca3d7a_r.png', 'night_mode_url': 'https://pic3.zhimg.com/v2-c9686ff064ea3579730756ac6c289978_r.png'}}"
64,12,0,https://pic2.zhimg.com/6dd187ef35102eb53c34a1455a8e99f4_is.jpg,https://pic2.zhimg.com/6dd187ef35102eb53c34a1455a8e99f4_{size}.jpg,[],28,0,文學/音樂/feminist,ee1820ddf3104602492dcfeb0e044151,False,False,False,False,魚骨湯,people,https://www.zhihu.com/people/wang-qiao-xi-59,wang-qiao-xi-59,False,people,"{'is_vip': False, 'rename_days': '60'}"
65,11,1,https://pic1.zhimg.com/v2-768acdfc304a207ace79585a6e4b32c6_is.jpg,https://pic1.zhimg.com/v2-768acdfc304a207ace79585a6e4b32c6_{size}.jpg,[],2346,-1,没有一成不变的人,2209bbf750c5b0201073ac68902c7db0,False,False,False,False,咚呲哒呲,people,https://www.zhihu.com/people/dong-zi-da-zi-13,dong-zi-da-zi-13,False,people,"{'is_vip': False, 'rename_days': '60'}"
66,3,0,https://pic4.zhimg.com/0f32a6e3009b01bcee0b63831359f9d4_is.jpg,https://pic4.zhimg.com/0f32a6e3009b01bcee0b63831359f9d4_{size}.jpg,[],6,1,本科化学狗 梦想是研究物理,a4da2d5bee5c171c5b60ff08b2bde91d,False,False,False,False,John Dong,people,https://www.zhihu.com/people/john-dong,john-dong,False,people,"{'is_vip': False, 'rename_days': '60'}"
67,379,14,https://pic1.zhimg.com/v2-36a9fce82ce34c492be8d3e56ec28921_is.jpg,https://pic1.zhimg.com/v2-36a9fce82ce34c492be8d3e56ec28921_{size}.jpg,[],3528,0,家用净水科普。微信：22130812,52bb70a1a5a40a07cb21bfb0250ad037,False,False,False,False,庄尤娅,people,https://www.zhihu.com/people/tangtangsu,tangtangsu,False,people,"{'is_vip': False, 'rename_days': '60'}"
68,7,5,https://pic4.zhimg.com/v2-a7edf8a3d94becfea635a79f8cd002ea_is.jpg,https://pic4.zhimg.com/v2-a7edf8a3d94becfea635a79f8cd002ea_{size}.jpg,[],1783,1,环境工程,40fa01f69ec400238cd314c776811152,False,False,False,False,Elbert,people,https://www.zhihu.com/people/elbert-1,elbert-1,False,people,"{'is_vip': False, 'rename_days': '60'}"
69,296,0,https://pic1.zhimg.com/0df552dd7eda57b1ca75984772492f6d_is.jpg,https://pic1.zhimg.com/0df552dd7eda57b1ca75984772492f6d_{size}.jpg,[],4598,1,,8b76f6220d5ea17ce551f02a085a7e55,False,False,False,False,月月爸爸懂得多,people,https://www.zhihu.com/people/yue-yue-ba-ba-dong-de-duo,yue-yue-ba-ba-dong-de-duo,False,people,"{'is_vip': False, 'rename_days': '60'}"
70,124,19,https://pic2.zhimg.com/v2-63fde9ae2c60654b1ff3ff12080ed51c_is.jpg,https://pic2.zhimg.com/v2-63fde9ae2c60654b1ff3ff12080ed51c_{size}.jpg,[],38056,1,营养师终究会获得社会的认可,f68e66eb0e99b7fa4c2279240d06f01c,False,False,False,False,沈夏冰,people,https://www.zhihu.com/people/shen-xia-bing,shen-xia-bing,False,people,"{'is_vip': True, 'rename_days': '60', 'vip_icon': {'url': 'https://pic3.zhimg.com/v2-4812630bc27d642f7cafcd6cdeca3d7a_r.png', 'night_mode_url': 'https://pic3.zhimg.com/v2-c9686ff064ea3579730756ac6c289978_r.png'}}"
71,13,0,https://pic3.zhimg.com/2f3eae5b290c9d4ba2590fd6bd34f398_is.jpg,https://pic3.zhimg.com/2f3eae5b290c9d4ba2590fd6bd34f398_{size}.jpg,[],2678,0,主任医师，致力于乳房重建，新浪微博“乳腺再造专家吴琍”。,76a26d90a653dd7c9cf46be3a3997076,False,False,False,False,吴琍,people,https://www.zhihu.com/people/wu-li-70-7,wu-li-70-7,False,people,"{'is_vip': False, 'rename_days': '60'}"
72,590,264,https://pic1.zhimg.com/v2-fc8c90ae998dd9ae303687a19043624c_is.jpg,https://pic1.zhimg.com/v2-fc8c90ae998dd9ae303687a19043624c_{size}.jpg,"[{'type': 'identity', 'description': '已认证的官方帐号'}, {'type': 'best_answerer', 'description': '优秀回答者', 'topics': [{'id': '19604128', 'type': 'topic', 'url': 'https://www.zhihu.com/topics/19604128', 'name': '医学', 'avatar_url': 'https://pic1.zhimg.com/a78b253d8f27af0933c63bae17bb5cb0_is.jpg', 'answer_count': 110}]}]",2393452,-1,有温度、有知识、有态度，新一代大众健康科普。,b4854b0ef6dcd22ce978860a19066e73,False,False,False,True,丁香医生,people,https://www.zhihu.com/people/ding-xiang-yi-sheng,ding-xiang-yi-sheng,False,organization,"{'is_vip': False, 'rename_days': '60'}"
73,3,0,https://pic4.zhimg.com/v2-680da9000f28eb1f1412313e293dd33f_is.jpg,https://pic4.zhimg.com/v2-680da9000f28eb1f1412313e293dd33f_{size}.jpg,[],213,0,最近心态崩溃，怎么办办办办办,6d8080ca2284ca0a35b9cafe616b916b,False,False,False,False,山卡卡窝窝people,people,https://www.zhihu.com/people/shan-qia-qia-wo-wo-people,shan-qia-qia-wo-wo-people,False,people,"{'is_vip': False, 'rename_days': '60'}"
74,3,0,https://pic4.zhimg.com/v2-d75aa54e3162cb365c5982beb53ee729_is.jpg,https://pic4.zhimg.com/v2-d75aa54e3162cb365c5982beb53ee729_{size}.jpg,[],233,1,研究金融经济学&amp;金融数据科学 ,7588f3278eaba5c60157cf68763c826e,False,False,False,False,Discounting,people,https://www.zhihu.com/people/fwj321,fwj321,False,people,"{'is_vip': False, 'rename_days': '60'}"
75,41,2,https://pic4.zhimg.com/v2-e2c5f85c8058b3953bbc0fa4a971fa90_is.jpg,https://pic4.zhimg.com/v2-e2c5f85c8058b3953bbc0fa4a971fa90_{size}.jpg,[],27674,0,猫系摄影师/淘宝店主/KILLERCATWU STUDIO,ea92f262bf20875358d051982919ef37,False,False,False,False,老吴,people,https://www.zhihu.com/people/killercatwu,killercatwu,False,people,"{'is_vip': False, 'rename_days': '60'}"
76,138,0,https://pic2.zhimg.com/v2-8d1d46ba1ae51f565fba3648192f3504_is.jpg,https://pic2.zhimg.com/v2-8d1d46ba1ae51f565fba3648192f3504_{size}.jpg,[],2317,1,"This guy is lazy,nothing left.",0954412f0ca0c564d9ce1c1cf91698a6,False,False,False,False,放学路上的油墩子,people,https://www.zhihu.com/people/artisanbread,artisanbread,False,people,"{'is_vip': False, 'rename_days': '60'}"
77,4,31,https://pic4.zhimg.com/v2-ee0501398d5895abc672bdb905c8e66e_is.jpg,https://pic4.zhimg.com/v2-ee0501398d5895abc672bdb905c8e66e_{size}.jpg,[],6074,0,写作业者,7a5c80a0c1a7dab3f803915216fb8be4,False,False,False,False,故园风雨前,people,https://www.zhihu.com/people/gu-yuan-feng-yu-qian,gu-yuan-feng-yu-qian,False,people,"{'is_vip': False, 'rename_days': '60'}"
78,4,3,https://pic1.zhimg.com/v2-4ab4fd31ce746bd8afd1b2f4d234ddd2_is.jpg,https://pic1.zhimg.com/v2-4ab4fd31ce746bd8afd1b2f4d234ddd2_{size}.jpg,[],14031,-1,为大众创造更加美好的日常生活,8ee7e9f2f19f6c2c56ef39a0256fa7ef,False,False,False,True,宜家家居,people,https://www.zhihu.com/people/yi-jia-jia-ju-96,yi-jia-jia-ju-96,False,organization,"{'is_vip': False, 'rename_days': '60'}"
79,353,82,https://pic4.zhimg.com/7f1b8fb7f_is.jpg,https://pic4.zhimg.com/7f1b8fb7f_{size}.jpg,[],58472,1,我心之外，再无他法。,d3205f15839205a6823a88c95a6e140a,False,False,False,False,Amos,people,https://www.zhihu.com/people/amos-9,amos-9,False,people,"{'is_vip': False, 'rename_days': '60'}"
80,47,0,https://pic4.zhimg.com/d32affba5687ed4a37034f1e899b4732_is.jpg,https://pic4.zhimg.com/d32affba5687ed4a37034f1e899b4732_{size}.jpg,[],14,1,诚惶诚恐地走在奔三路上…,21e2e96dc762c1a807b305743e5ec744,False,False,False,False,最想念的季节,people,https://www.zhihu.com/people/zhi-ying-38,zhi-ying-38,False,people,"{'is_vip': False, 'rename_days': '60'}"
81,1074,6,https://pic3.zhimg.com/v2-6bece231693aa1a633dc3d097fb00b89_is.jpg,https://pic3.zhimg.com/v2-6bece231693aa1a633dc3d097fb00b89_{size}.jpg,[],12842,1,早婚的PPT纺织工人,86640c16d1e9a692fc684bcbc5b7342c,False,False,False,False,米尔克,people,https://www.zhihu.com/people/jwu1990,jwu1990,False,people,"{'is_vip': False, 'rename_days': '60'}"
82,367,8,https://pic4.zhimg.com/v2-988274b0df44d175eb62cbc8f031b0ec_is.jpg,https://pic4.zhimg.com/v2-988274b0df44d175eb62cbc8f031b0ec_{size}.jpg,[],35234,1,公众号：知北游（zhibeiyou94）,5dd029d6c142810b6bc2c61ed5687781,False,False,False,False,知北游,people,https://www.zhihu.com/people/zhibeiyou,zhibeiyou,False,people,"{'is_vip': False, 'rename_days': '60'}"
83,40,0,https://pic1.zhimg.com/v2-91d43c8a68dd6f65fff0650803790466_is.jpg,https://pic1.zhimg.com/v2-91d43c8a68dd6f65fff0650803790466_{size}.jpg,[],7,-1,家里蹲,a15c5257316e39f959798c9c95f74b33,False,False,False,False,陈瑜,people,https://www.zhihu.com/people/chen-yu-12-89-27,chen-yu-12-89-27,False,people,"{'is_vip': False, 'rename_days': '60'}"
84,202,0,https://pic3.zhimg.com/b7df12ca592c96a35a0a66a42dd02afc_is.jpg,https://pic3.zhimg.com/b7df12ca592c96a35a0a66a42dd02afc_{size}.jpg,[],98,1,编剧导演,323e90478e72aab775d5f6bf094197ef,False,False,False,False,苦怒牙路,people,https://www.zhihu.com/people/ku-nu-ya-lu,ku-nu-ya-lu,False,people,"{'is_vip': False, 'rename_days': '60'}"
85,7,0,https://pic4.zhimg.com/v2-a592ce14c2d2f6ba7eff7df727da4b79_is.jpg,https://pic4.zhimg.com/v2-a592ce14c2d2f6ba7eff7df727da4b79_{size}.jpg,[],135,1,,726b3a3de2c2cc8e647c8015fa4f3d66,False,False,False,False,蓝睿,people,https://www.zhihu.com/people/shang-hai-lan-rui,shang-hai-lan-rui,False,people,"{'is_vip': False, 'rename_days': '60'}"
86,78,2,https://pic1.zhimg.com/v2-9a23902a85fa684c0a6ec8881933a86d_is.jpg,https://pic1.zhimg.com/v2-9a23902a85fa684c0a6ec8881933a86d_{size}.jpg,[],193602,0,以前玩过。谢谢知乎。,6fec62f485ab0aa8f62eaf0a980802dd,False,False,False,False,倪一宁,people,https://www.zhihu.com/people/CookiesNee,CookiesNee,False,people,"{'is_vip': False, 'rename_days': '60'}"
87,5,0,https://pic3.zhimg.com/4cf091ca3a82f1448e19a94c73b56e85_is.jpg,https://pic3.zhimg.com/4cf091ca3a82f1448e19a94c73b56e85_{size}.jpg,[],91,1,Hedge Fund | Algo Trading | Fintech,848fc04a1f18f8980f5a5dbf296f24b7,False,False,False,False,公子克,people,https://www.zhihu.com/people/zhi-zhang-82,zhi-zhang-82,False,people,"{'is_vip': False, 'rename_days': '60'}"
88,7,0,https://pic3.zhimg.com/72eb61c50_is.jpg,https://pic3.zhimg.com/72eb61c50_{size}.jpg,[],131,0,www.sgroom.com 新加坡最全出租房源,2af1ea12addd95f25ff686b1887a0a6e,False,False,False,False,[已重置],people,https://www.zhihu.com/people/shi-cheng-zu-fang,shi-cheng-zu-fang,False,people,"{'is_vip': False, 'rename_days': '60'}"
89,27,226,https://pic1.zhimg.com/c0fc735bf0b78d34f23e228468f7e32f_is.jpg,https://pic1.zhimg.com/c0fc735bf0b78d34f23e228468f7e32f_{size}.jpg,[],3469,1,A股风险管理  /  CFA   /公号：有金有险（betalpha2015）,d2beecd054ea695aefa4e52561f9e0f9,False,False,False,False,思凯,people,https://www.zhihu.com/people/si-kai-sky,si-kai-sky,False,people,"{'is_vip': False, 'rename_days': '60'}"
90,166,65,https://pic2.zhimg.com/v2-0d3a326cae66b62fb96caf3f8d7f076e_is.jpg,https://pic2.zhimg.com/v2-0d3a326cae66b62fb96caf3f8d7f076e_{size}.jpg,"[{'type': 'best_answerer', 'description': '优秀回答者', 'topics': [{'id': '19563625', 'type': 'topic', 'url': 'https://www.zhihu.com/topics/19563625', 'name': '天文学', 'avatar_url': 'https://pic3.zhimg.com/v2-14f1a7a208e72a053368628fe5c433cb_is.jpg', 'answer_count': 61}, {'id': '19578161', 'type': 'topic', 'url': 'https://www.zhihu.com/topics/19578161', 'name': '地质学', 'avatar_url': 'https://pic3.zhimg.com/v2-03bfb37fb5670d33ac8a55b6b1684f78_is.jpg', 'answer_count': 17}]}]",114833,0,公众号haibaraemily_planets,5a4fe771f3643bdd2a7115e400e0c141,False,False,False,False,haibaraemily,people,https://www.zhihu.com/people/haibaraemily,haibaraemily,False,people,"{'is_vip': True, 'rename_days': '60', 'widget': {'url': 'https://pic2.zhimg.com/v2-0daeecdac4369597be8bbd59f87a5b50_r.png', 'night_mode_url': 'https://pic3.zhimg.com/v2-7a3552996cec77a2a133a01f7c068fa0_r.png'}, 'vip_icon': {'url': 'https://pic3.zhimg.com/v2-4812630bc27d642f7cafcd6cdeca3d7a_r.png', 'night_mode_url': 'https://pic3.zhimg.com/v2-c9686ff064ea3579730756ac6c289978_r.png'}}"
91,748,77,https://pic2.zhimg.com/920c3e069eb607b77effe609beb9f34b_is.jpg,https://pic2.zhimg.com/920c3e069eb607b77effe609beb9f34b_{size}.jpg,"[{'type': 'best_answerer', 'description': '优秀回答者', 'topics': [{'id': '19551861', 'type': 'topic', 'url': 'https://www.zhihu.com/topics/19551861', 'name': '钢琴', 'avatar_url': 'https://pic1.zhimg.com/15f35871bc5cfb0146ff8d7c4f633b80_is.jpg', 'answer_count': 364}]}]",104712,1,公众号: 1900懂琴帝,3b6a326ecc4a6143884d32f0298cdf77,False,False,False,False,Mr1900,people,https://www.zhihu.com/people/mr1900-1900,mr1900-1900,False,people,"{'is_vip': True, 'rename_days': '60'}"
92,3,0,https://pic3.zhimg.com/807df936a8d5bbc4585d9cdcaca1a50f_is.jpg,https://pic3.zhimg.com/807df936a8d5bbc4585d9cdcaca1a50f_{size}.jpg,[],7,1,没人能帮你,44178a2a5d614aa35d570051b0022817,False,False,False,False,又耳君,people,https://www.zhihu.com/people/zhou-zhou-47-40,zhou-zhou-47-40,False,people,"{'is_vip': False, 'rename_days': '60'}"
93,534,132,https://pic2.zhimg.com/v2-6e6bde9db57a6ac01586ac876ebbb480_is.jpg,https://pic2.zhimg.com/v2-6e6bde9db57a6ac01586ac876ebbb480_{size}.jpg,[],134720,-1,ENJOY精选美食电商,9a6ba82b055d2dc50b9d7351c44a92f8,False,False,False,True,ENJOY 精选美食电商,people,https://www.zhihu.com/people/enjoy-jing-xuan-mei-shi-dian-shang,enjoy-jing-xuan-mei-shi-dian-shang,False,organization,"{'is_vip': False, 'rename_days': '60'}"
94,386,37,https://pic2.zhimg.com/v2-d7486f9c325e3cd4d063f592c9b7bf12_is.jpg,https://pic2.zhimg.com/v2-d7486f9c325e3cd4d063f592c9b7bf12_{size}.jpg,"[{'type': 'best_answerer', 'description': '优秀回答者', 'topics': [{'id': '19550517', 'type': 'topic', 'url': 'https://www.zhihu.com/topics/19550517', 'name': '互联网', 'avatar_url': 'https://pic1.zhimg.com/f07808da5625fef3607f8b75b770349f_is.jpg', 'answer_count': 31}]}]",25327,1,互联网分析师，公号“小x的互联网投资”，微博“分析师谢漠烟”,b24179b337edfa30aa8cdff2bad80c1e,False,False,False,False,谢漠烟,people,https://www.zhihu.com/people/XieMoYan,XieMoYan,False,people,"{'is_vip': True, 'rename_days': '60', 'vip_icon': {'url': 'https://pic3.zhimg.com/v2-4812630bc27d642f7cafcd6cdeca3d7a_r.png', 'night_mode_url': 'https://pic3.zhimg.com/v2-c9686ff064ea3579730756ac6c289978_r.png'}}"
95,21,0,https://pic4.zhimg.com/245079dc18d818ce0292ace531757958_is.jpg,https://pic4.zhimg.com/245079dc18d818ce0292ace531757958_{size}.jpg,[],6115,0,准金融民工，还有好多要学习,78af66327d30fbe70d96e3347945be8b,False,False,False,False,Dong Fangyu,people,https://www.zhihu.com/people/fangyu-89,fangyu-89,False,people,"{'is_vip': False, 'rename_days': '60'}"
96,4,0,https://pic1.zhimg.com/a2bd183dff362625d79e77411738c5db_is.jpg,https://pic1.zhimg.com/a2bd183dff362625d79e77411738c5db_{size}.jpg,[],26,0,迷茫的人,05ec5355d3a649dfe2e8d03e2f6f554a,False,False,False,False,Sarah jia,people,https://www.zhihu.com/people/sarah-jia,sarah-jia,False,people,"{'is_vip': False, 'rename_days': '60'}"
97,56,9,https://pic3.zhimg.com/6bcd4f35c_is.jpg,https://pic3.zhimg.com/6bcd4f35c_{size}.jpg,[],2050,1,CFA，微信公众号 fundpie - 观察中国基金行业,cc287cf497d7b62c38ce774e1392c867,False,False,False,False,查理,people,https://www.zhihu.com/people/cha-li-97-11,cha-li-97-11,False,people,"{'is_vip': False, 'rename_days': '60'}"
98,21,0,https://pic4.zhimg.com/74b24ea30_is.jpg,https://pic4.zhimg.com/74b24ea30_{size}.jpg,[],445,1,陆家嘴散养仁波切,5a25659d91c85ed1d1112d57bcf87314,False,False,False,False,程杲,people,https://www.zhihu.com/people/chenggao,chenggao,False,people,"{'is_vip': False, 'rename_days': '60'}"
99,9,0,https://pic4.zhimg.com/da8e974dc_is.jpg,https://pic4.zhimg.com/da8e974dc_{size}.jpg,[],37,1,,b66a4f23d3f37e597bdbb4c629e8beb7,False,False,False,False,yaoxin Huang,people,https://www.zhihu.com/people/yaoxin-huang,yaoxin-huang,True,people,"{'is_vip': False, 'rename_days': '60'}"
100,16,0,https://pic2.zhimg.com/c3cbda22f_is.jpg,https://pic2.zhimg.com/c3cbda22f_{size}.jpg,[],65,1,,ab534cf747d9e12a41380060e1ecfb89,False,False,False,False,白天,people,https://www.zhihu.com/people/bai-tian-9-16,bai-tian-9-16,False,people,"{'is_vip': False, 'rename_days': '60'}"
101,9,0,https://pic4.zhimg.com/57b6eda87_is.jpg,https://pic4.zhimg.com/57b6eda87_{size}.jpg,[],98,0,,149f4b4893841c5159194d09081fc491,False,False,False,False,Yu Hu,people,https://www.zhihu.com/people/yu-hu-28,yu-hu-28,False,people,"{'is_vip': False, 'rename_days': '60'}"
102,8,0,https://pic2.zhimg.com/v2-959151cd79327e2490b9bbd98e62f116_is.jpg,https://pic2.zhimg.com/v2-959151cd79327e2490b9bbd98e62f116_{size}.jpg,[],76,0,Say you&#39;ll never let me go,18a7da94de4657d2c279bdcf2f8299dd,False,False,False,False,赵jessy,people,https://www.zhihu.com/people/zhao-jessy,zhao-jessy,False,people,"{'is_vip': False, 'rename_days': '60'}"
103,1,0,https://pic3.zhimg.com/68241908e27b544e7a68a2623d7691ae_is.jpg,https://pic3.zhimg.com/68241908e27b544e7a68a2623d7691ae_{size}.jpg,[],9,1,,776f64f0b28d8a69853521980fa9b0de,False,False,False,False,王真诚,people,https://www.zhihu.com/people/wang-zhen-cheng-81,wang-zhen-cheng-81,False,people,"{'is_vip': False, 'rename_days': '60'}"
104,5,1,https://pic4.zhimg.com/v2-6700d20c5fee9aa6f172911d35dc15f9_is.jpg,https://pic4.zhimg.com/v2-6700d20c5fee9aa6f172911d35dc15f9_{size}.jpg,[],252,0,ex投行分析员和ex卖方从业人员,72114920f1028445fd6c927c3080ab2e,False,False,False,False,金融圈的G姐,people,https://www.zhihu.com/people/girlogic,girlogic,False,people,"{'is_vip': False, 'rename_days': '60'}"
105,8,0,https://pic3.zhimg.com/a023f8aea8c029f693e61bb2f283663a_is.jpg,https://pic3.zhimg.com/a023f8aea8c029f693e61bb2f283663a_{size}.jpg,[],68,1,Fin/Math/CS,b7047fa6b7b473692ff06d9dde6a8116,False,False,False,False,YatS,people,https://www.zhihu.com/people/yat-suen,yat-suen,False,people,"{'is_vip': False, 'rename_days': '60'}"
106,0,0,https://pic1.zhimg.com/2081c904a_is.jpg,https://pic1.zhimg.com/2081c904a_{size}.jpg,[],2,1,,3270c22a67e71807ceb782c9769c1596,False,False,False,False,束小峰,people,https://www.zhihu.com/people/shu-xiao-feng,shu-xiao-feng,False,people,"{'is_vip': False, 'rename_days': '60'}"
107,1,0,https://pic4.zhimg.com/v2-77be5368328f894a6d7fa010e4e25428_is.jpg,https://pic4.zhimg.com/v2-77be5368328f894a6d7fa010e4e25428_{size}.jpg,[],2,1,卖方分析师,bf21b96583b6727023b9d1fa0ea460fb,False,False,False,False,Jack,people,https://www.zhihu.com/people/jack-31-6,jack-31-6,False,people,"{'is_vip': False, 'rename_days': '60'}"
108,0,0,https://pic4.zhimg.com/da8e974dc_is.jpg,https://pic4.zhimg.com/da8e974dc_{size}.jpg,[],2,-1,另类投资,8d112eaa1628fca8f1506edc586e69fe,False,False,False,False,柳生九兵卫,people,https://www.zhihu.com/people/liu-sheng-jiu-bing-wei,liu-sheng-jiu-bing-wei,True,people,"{'is_vip': False, 'rename_days': '60'}"
109,14,0,https://pic1.zhimg.com/v2-f55a8f01a5bee3745e22bdd263d16812_is.jpg,https://pic1.zhimg.com/v2-f55a8f01a5bee3745e22bdd263d16812_{size}.jpg,[],431,0,一动不如一静,84d3b213a4746e150752d033feec34c7,False,False,False,False,花可久,people,https://www.zhihu.com/people/everbabe,everbabe,False,people,"{'is_vip': False, 'rename_days': '60'}"
110,19,0,https://pic4.zhimg.com/280dd71bf_is.jpg,https://pic4.zhimg.com/280dd71bf_{size}.jpg,[],317,1,,71c194f0c7a2751afb2f0c15390d862e,False,False,False,False,J Willie,people,https://www.zhihu.com/people/Willie_J,Willie_J,False,people,"{'is_vip': False, 'rename_days': '60'}"
111,1,0,https://pic3.zhimg.com/141a25740_is.jpg,https://pic3.zhimg.com/141a25740_{size}.jpg,[],14,1,混在美国金融圈的小罗罗！,759e922f8f38ebac4b645955a52b2767,False,False,False,False,Xiao Yuan,people,https://www.zhihu.com/people/xiao-yuan-81-90,xiao-yuan-81-90,False,people,"{'is_vip': False, 'rename_days': '60'}"
112,10,1,https://pic2.zhimg.com/bb28f25464bff6998697c00b2b8bbd23_is.jpg,https://pic2.zhimg.com/bb28f25464bff6998697c00b2b8bbd23_{size}.jpg,"[{'type': 'identity', 'description': '南加州大学 制药博士'}]",1902,1,洛杉矶的饶舌歌手,701f2b776628f1d145da900ac96af66d,False,False,False,False,Ph Dragon,people,https://www.zhihu.com/people/phdragon,phdragon,False,people,"{'is_vip': False, 'rename_days': '60'}"
113,22,0,https://pic1.zhimg.com/e7ac35708_is.jpg,https://pic1.zhimg.com/e7ac35708_{size}.jpg,[],1399,1,Assistant Professor of Economics ,a28f322df40952d3a029563f37d4b35b,False,False,False,False,LCHEN,people,https://www.zhihu.com/people/chen-liang-82-40,chen-liang-82-40,False,people,"{'is_vip': False, 'rename_days': '60'}"
114,218,0,https://pic1.zhimg.com/8c0408f868bce8a5a64fba92c53d6b12_is.jpg,https://pic1.zhimg.com/8c0408f868bce8a5a64fba92c53d6b12_{size}.jpg,[],19804,1,苦逼博狗，业余网球教练，伪星战粉,01190a7431971046233e173e997291ce,False,False,False,False,CFMars,people,https://www.zhihu.com/people/cfmars,cfmars,False,people,"{'is_vip': False, 'rename_days': '60'}"
115,40,18,https://pic2.zhimg.com/642020218554d342ef2a009e37ee64a1_is.jpg,https://pic2.zhimg.com/642020218554d342ef2a009e37ee64a1_{size}.jpg,[],100694,1,"75国 
独立跳伞员/滑翔伞员 
潜水/滑雪教练 旅行体验师",54379aeb3f4ec6e317f6f542abdd45c9,False,False,False,False,姚舜不二,people,https://www.zhihu.com/people/yaoshun-sven,yaoshun-sven,False,people,"{'is_vip': False, 'rename_days': '60'}"
116,12,4,https://pic4.zhimg.com/v2-66ffe88f31da941e9b654c2ebf83a02a_is.jpg,https://pic4.zhimg.com/v2-66ffe88f31da941e9b654c2ebf83a02a_{size}.jpg,[],14235,0,金融/摄影/旅行体验师/现居巴黎  公众号：稀子Joyce,60bca8998273d7539bd69a7e6b7b9425,False,False,False,False,稀子JoYce,people,https://www.zhihu.com/people/joyce-14-98-7,joyce-14-98-7,False,people,"{'is_vip': False, 'rename_days': '60'}"
117,38,69,https://pic3.zhimg.com/v2-c7ab0e1cbc7ad3ec28bd1d1dbb36ab9c_is.jpg,https://pic3.zhimg.com/v2-c7ab0e1cbc7ad3ec28bd1d1dbb36ab9c_{size}.jpg,"[{'type': 'identity', 'description': '中国科学院 管理学博士'}]",15147,1,Pursuit is all that matters.,0db0c94575af15a7f6b2424f7815e82c,False,False,False,False,由之,people,https://www.zhihu.com/people/youzhipage,youzhipage,False,people,"{'is_vip': False, 'rename_days': '60'}"
118,1631,80,https://pic2.zhimg.com/v2-1bb8742064cbdc4047a4cd38a68ba82e_is.jpg,https://pic2.zhimg.com/v2-1bb8742064cbdc4047a4cd38a68ba82e_{size}.jpg,[],13061,1,IT狗，邀请已答不过来请见谅，订阅号:OrangeTechA,41774200c8ddb9726c0e65d204ba9ca6,False,False,False,False,安德鲁橙,people,https://www.zhihu.com/people/fengid,fengid,False,people,"{'is_vip': False, 'rename_days': '60'}"
119,353,217,https://pic4.zhimg.com/v2-80bd312bcddd942c1a2805a76400b1f5_is.jpg,https://pic4.zhimg.com/v2-80bd312bcddd942c1a2805a76400b1f5_{size}.jpg,[],34869,1,公众号 七喜出国 加拿大最大的LGBT移民机构,4ed1dcd371e521a7ca8ce3798c747d2a,False,False,False,False,我是七喜,people,https://www.zhihu.com/people/woshiqixi,woshiqixi,False,people,"{'is_vip': True, 'rename_days': '60', 'widget': {'url': 'https://pic4.zhimg.com/v2-5133ebe3841da8400b42a79fb4a724f5_r.png', 'night_mode_url': 'https://pic3.zhimg.com/v2-74fa623baa2ed44d282883d47e29604b_r.png'}, 'vip_icon': {'url': 'https://pic3.zhimg.com/v2-4812630bc27d642f7cafcd6cdeca3d7a_r.png', 'night_mode_url': 'https://pic3.zhimg.com/v2-c9686ff064ea3579730756ac6c289978_r.png'}}"
120,294,13,https://pic4.zhimg.com/e8a2ee6c545c35e3c6902ad71a54f8d2_is.jpg,https://pic4.zhimg.com/e8a2ee6c545c35e3c6902ad71a54f8d2_{size}.jpg,[],20127,1,勤以修身 俭以养德,3e4ebdd5db9aafaf7f801206343b5a3c,False,False,False,False,王橙子,people,https://www.zhihu.com/people/chengzi18,chengzi18,False,people,"{'is_vip': False, 'rename_days': '60'}"
121,43,0,https://pic4.zhimg.com/f62afbccc_is.jpg,https://pic4.zhimg.com/f62afbccc_{size}.jpg,[],125,1,Equity research,5f2f9b2179f67a83310d95feeb0f0681,False,False,False,False,王泽华,people,https://www.zhihu.com/people/wang-ze-hua-89,wang-ze-hua-89,False,people,"{'is_vip': False, 'rename_days': '60'}"
